{"cameraMode":{"drawMode":0,"name":"Shaded","section":"Shading Mode"},"sceneLighting":true,"audioPlay":false,"sceneViewState":{"showFog":true,"showMaterialUpdate":false,"showSkybox":false,"showFlares":true,"showImageEffects":true,"showParticleSystems":true},"in2DMode":false,"pivot":{"x":0.0,"y":0.619999885559082,"z":1.6420001983642579},"rotation":{"x":0.042884211987257007,"y":-0.00599444517865777,"z":0.00025731499772518873,"w":0.9990620613098145},"size":40.98515319824219,"orthographic":true}