{"cameraMode":{"drawMode":0,"name":"Shaded","section":"Shading Mode"},"sceneLighting":true,"audioPlay":false,"sceneViewState":{"showFog":true,"showMaterialUpdate":false,"showSkybox":true,"showFlares":true,"showImageEffects":true,"showParticleSystems":true},"in2DMode":false,"pivot":{"x":-5.611083507537842,"y":0.7266151905059815,"z":2.747793436050415},"rotation":{"x":0.2829976975917816,"y":0.6678918600082398,"z":-0.306713342666626,"w":0.6162464618682861},"size":43.199398040771487,"orthographic":true}